{
  "id": "",
  "name": "",
  "font_family": "iconfont",
  "css_prefix_text": "icon-",
  "description": "",
  "glyphs": [
    {
      "icon_id": "13089981",
      "name": "xiajiantou",
      "font_class": "xiajiantou",
      "unicode": "e60d",
      "unicode_decimal": 58893
    },
    {
      "icon_id": "13138312",
      "name": "shangjiantou",
      "font_class": "shangjiantou",
      "unicode": "e612",
      "unicode_decimal": 58898
    },
    {
      "icon_id": "13138315",
      "name": "youjiantou",
      "font_class": "youjiantou",
      "unicode": "e613",
      "unicode_decimal": 58899
    },
    {
      "icon_id": "13138320",
      "name": "zuojiantou",
      "font_class": "zuojiantou",
      "unicode": "e614",
      "unicode_decimal": 58900
    }
  ]
}
